"Algorithm";"Time(ms)";"Generations";"Fitness";"Regenerators"
"Genetic Algorithm";1206.7301450086056;61.813138841078604;777.282142857143;5.187857142857142
