"Algorithm";"Time(ms)";"Generations";"Fitness";"Regenerators"
"Ant Colony Optimization";6540.449463769023;53.39972770548253;792.9228031409936;5.07164356716842
