"Algorithm";"Time(ms)";"Generations";"Fitness";"Regenerators"
"Bee Colony Optimization";5752.878487664945;28.521046901893282;726.5535714285714;4.8209285714285715
