"Algorithm";"Time(ms)";"Generations";"Fitness";"Regenerators"
"Custom Algorithm";293.8150889271371;25.44904432013769;738.9928571428572;4.918928571428573
